-- 009_sync_obra_real_20260529.sql
-- Dados reais exportados diretamente do localStorage em 29/05/2026
-- Total Projetado: R$77.298,22 | Total Pago: R$47.506,96 | 14 categorias | 145 itens

DELETE FROM obra_itens;
DELETE FROM obra_categorias;

INSERT INTO obra_categorias (id, nome, posicao) VALUES
  ('oc0', 'Locação — Entrada (30/03)', 0),
  ('oc1', 'ADM & Legal', 1),
  ('oc2', 'Insumos I Reforma I Obra', 2),
  ('oc3', 'Consultório Equip. & Mobiliário', 3),
  ('oc4', 'Inauguração — 11/05/2026', 4),
  ('oc5', 'Marketing de Lançamento', 5),
  ('mn6gv5474ln', 'Equipamentos MKT', 6),
  ('mnc9nde1xqj', 'RecepçãoI Mobiliário e Decoração', 7),
  ('mnc9ygdfqxy', 'Banheiro I Pré e interno', 8),
  ('mnxoayr3hn2', 'Deslocamento e Compra de Materiais', 9),
  ('mnxoeoghag2', 'Sala De Massagem', 10),
  ('mok6kud6hmj', 'Cartão Sandra', 11),
  ('mok7p54ji5h', 'Copa', 12),
  ('mosp78l7qjv', 'DML', 13);

INSERT INTO obra_itens (id, categoria_id, descricao, valor_projetado, valor_real, pago, retorno, posicao) VALUES
  ('il01', 'oc0', 'Caução — retorna no último mês', 2000.0, 2000.0, true, true, 0),
  ('i101', 'oc1', 'Identidade Visual', 0.0, 0.0, false, false, 0),
  ('i102', 'oc1', 'Hospedagem Site — Anual', 153.68, 153.68, true, false, 1),
  ('i103', 'oc1', 'Abertura CNPJ, Alvará, Inscrição Estadual', 500.0, 500.0, false, false, 2),
  ('mnd4qfnnz1q', 'oc1', 'Despachante Vigilância', 1000.0, 0.0, false, false, 3),
  ('i201', 'oc2', 'Projeto Arquitetônico 1/2', 850.0, 1000.0, true, false, 0),
  ('i202', 'oc2', 'Fachada Loja', 5000.0, 5000.0, false, false, 1),
  ('i203', 'oc2', 'Insumos Gesso Paredes Mão de Obra 01', 900.0, 900.0, true, false, 2),
  ('i204', 'oc2', 'Detalhes Em gesso', 1500.0, 1500.0, false, false, 3),
  ('i205', 'oc2', 'Insumos para Pintura', 1110.0, 1110.0, true, false, 4),
  ('i206', 'oc2', 'Mão de Obra Gesso', 600.0, 600.0, true, false, 5),
  ('i207', 'oc2', 'insumos Instalação Elétrica', 757.3, 757.3, true, false, 6),
  ('i208', 'oc2', 'Eletricista — Mão de Obra', 0.0, 0.0, false, false, 7),
  ('i209', 'oc2', 'Itens Instagramáveis', 3000.0, 3000.0, false, false, 8),
  ('i210', 'oc2', 'Reserva Imprevistos', 1300.0, 0.0, false, false, 9),
  ('i211', 'oc2', 'Decoração', 1300.0, 0.0, false, false, 10),
  ('mn5dumz8wyr', 'oc2', 'Projeto Arquitetônico 2/2', 1000.0, 1000.0, true, false, 11),
  ('mndpzeudjym', 'oc2', 'Compra de Massa corrida e C3', 80.7, 80.7, true, false, 12),
  ('mndq0cbf2jd', 'oc2', 'Compra de Hidraulica e tubos', 163.0, 163.0, true, false, 13),
  ('mndq0vk6zo9', 'oc2', 'Compra serra', 8.0, 8.0, true, false, 14),
  ('mnq1bcwbyqn', 'oc2', 'Gasolina', 40.0, 40.0, true, false, 15),
  ('mnq1jgaz4ji', 'oc2', 'Compra de Insumos', 135.0, 135.0, true, false, 16),
  ('mnq1jzqzl4k', 'oc2', 'Compra de Insumos', 37.72, 37.72, true, false, 17),
  ('mnq1lx9akg0', 'oc2', 'Compra de Insumos', 110.0, 110.0, true, false, 18),
  ('mnq1m9rfl9h', 'oc2', 'Gasolina', 51.52, 51.52, true, false, 19),
  ('mnq1mp2tx95', 'oc2', 'Compra de Insumos - Descontar do Pedreiro', 73.0, 73.0, true, false, 20),
  ('mnq1ncyv4om', 'oc2', 'Compra de Insumos', 28.0, 28.0, true, false, 21),
  ('mnq1pg5ta4z', 'oc2', 'Compra de Insumos', 42.0, 42.0, true, false, 22),
  ('mnq1q5k6p3a', 'oc2', 'Compra de Insumos Pintura', 291.19, 291.19, true, false, 23),
  ('mnq1rm725pl', 'oc2', 'Gasolina', 40.0, 40.0, true, false, 24),
  ('mnq1sg75xkx', 'oc2', 'Compra de Insumos', 79.98, 79.98, true, false, 25),
  ('mnq1ualfnqo', 'oc2', 'Mão de Obra Pedreiro', 1500.0, 1500.0, true, false, 26),
  ('mnq1v8xjoad', 'oc2', 'Mão de Obra Pedreiro 2/1', 1600.0, 1600.0, false, false, 27),
  ('mnq1w9xhsln', 'oc2', 'Insumos TInta - Cimento Queimado 01', 172.05, 172.05, true, false, 28),
  ('mnq1wm5al4u', 'oc2', 'Insumos TInta - Cimento Queimado 02', 97.07, 97.07, true, false, 29),
  ('mnq1x12ca3w', 'oc2', 'Revestimento Pedras', 467.63, 467.63, true, false, 30),
  ('mnq1yasm9jn', 'oc2', 'Compra de insumos', 10.0, 10.0, true, false, 31),
  ('mnq1z1e4vle', 'oc2', 'Insumos Gesso Paredes Mão de Obra 02', 900.0, 900.0, true, false, 32),
  ('mnq1ze2xid2', 'oc2', 'Compra de Insumos', 89.8, 89.8, true, false, 33),
  ('mnq22dcjltj', 'oc2', 'Compra de Insumos', 20.0, 20.0, true, false, 34),
  ('mnq22zts3o8', 'oc2', 'Insumos Tinta - Cimento Queimado', 219.99, 219.99, true, false, 35),
  ('mnxoox866c5', 'oc2', 'Pedreiro Mão de Obra', 300.0, 300.0, true, false, 36),
  ('mnxp11e20ku', 'oc2', 'Mão de Obra Pedreiro - Envio Luciano', 500.0, 500.0, true, false, 37),
  ('mok6oad33qj', 'oc2', 'Itens Elétricos', 69.2, 69.2, true, false, 38),
  ('mok6yj1tmbt', 'oc2', 'Rolos e Pinceis', 38.0, 38.0, true, false, 39),
  ('mok6yq926sv', 'oc2', 'Pincel Complementar', 23.1, 23.1, true, false, 40),
  ('mok6z2hdtlr', 'oc2', 'Compra de Elétrica', 33.6, 33.6, true, false, 41),
  ('mok7grfw4av', 'oc2', 'Tinta', 99.9, 99.9, true, false, 42),
  ('mok7martd1v', 'oc2', 'Pagamento Pedreiro', 100.0, 100.0, true, false, 43),
  ('mok7nh67xeq', 'oc2', 'Itens Instalação Pia', 30.0, 30.0, true, false, 44),
  ('mok7r3jqhr6', 'oc2', 'Compra de rodapé e argamassa', 96.46, 96.46, true, false, 45),
  ('mok7z00w9cl', 'oc2', 'Luminoso 1/2', 500.0, 500.0, true, false, 46),
  ('mok7z8pwau4', 'oc2', 'Luminoso 2/2', 300.0, 300.0, true, false, 47),
  ('mot0bsifagf', 'oc2', 'Compra de Tintas e insumos Hidráulicos', 289.27, 289.27, true, false, 48),
  ('mot0c0r581e', 'oc2', 'Cano', 42.0, 42.0, true, false, 49),
  ('mot0csmudue', 'oc2', 'Ajudante Pedreiro', 150.0, 150.0, true, false, 50),
  ('mot0d4fulq7', 'oc2', 'Pagamento 1/2 Gesso', 500.0, 500.0, true, false, 51),
  ('mot0dvn0f0h', 'oc2', 'Tinta + argamassa + Lixa', 220.0, 220.0, true, false, 52),
  ('mot0gzir0pd', 'oc2', 'Compra de Lona', 39.0, 39.0, true, false, 53),
  ('mot0lir5qti', 'oc2', 'Massa Acrílica', 155.0, 155.0, true, false, 54),
  ('i301', 'oc3', 'Maca Elétrica / Cadeira Procedimento', 3500.0, 5200.0, true, false, 0),
  ('i302', 'oc3', 'Carrinho Técnico Inox', 0.0, 0.0, true, false, 1),
  ('i304', 'oc3', 'Autoclave', 0.0, 0.0, true, false, 2),
  ('i306', 'oc3', 'Ar Condicionado Consultório', 1900.0, 1900.0, true, false, 3),
  ('i311', 'oc3', 'Cadeira Consultório', 650.0, 660.02, true, false, 4),
  ('i314', 'oc3', 'Tapete Antes e Depois', 300.0, 0.0, false, false, 5),
  ('i315', 'oc3', 'Fundo Antes e Depois', 0.0, 0.0, true, false, 6),
  ('i316', 'oc3', 'Espelho Total', 0.0, 0.0, true, false, 7),
  ('i318', 'oc3', 'Itens de Decoração', 0.0, 0.0, false, false, 8),
  ('i319', 'oc3', 'Termometro de cabo', 0.0, 0.0, true, false, 9),
  ('mncaqil2ag1', 'oc3', 'Mesa Consultório', 1400.0, 1400.0, true, false, 10),
  ('mncaque4mio', 'oc3', '2 cadeiras Consultórios', 595.76, 595.76, true, false, 11),
  ('mncar9je8zu', 'oc3', 'Pia', 0.0, 0.0, true, false, 12),
  ('mncarg173wt', 'oc3', 'Torneira Pia', 0.0, 0.0, true, false, 13),
  ('mncarmxt9f9', 'oc3', 'Frigobar', 800.0, 641.08, true, false, 14),
  ('mncasm0fua5', 'oc3', 'Móveis  Planejados Consultório', 2500.0, 2500.0, true, false, 15),
  ('mnd5226bbbp', 'oc3', 'Foco De luz Maca', 0.0, 0.0, true, false, 16),
  ('mnd57rm4x0f', 'oc3', 'Marmore pia', 1500.0, 1707.08, true, false, 17),
  ('mnxodcsppyw', 'oc3', 'Lustre Consultório', 464.55, 464.55, true, false, 18),
  ('mnxonfzib3z', 'oc3', 'Iluminação Led Sanca 30m', 355.19, 355.19, true, false, 19),
  ('mnxoo1y8tqt', 'oc3', 'Conectores Led', 80.51, 80.51, true, false, 20),
  ('mok746end55', 'oc3', 'Pintura da Mesa', 300.0, 0.0, false, false, 21),
  ('mok75mtolcc', 'oc3', 'Móveis Planejados 02', 1800.0, 1800.0, true, false, 22),
  ('mosnu9lbqgg', 'oc3', 'Pintura da Porta', 200.0, 0.0, false, false, 23),
  ('mosnwm5aiz4', 'oc3', 'Porta Papel Toalha e Sabonete', 200.0, 0.0, false, false, 24),
  ('mosnx7fhme7', 'oc3', 'Fumê Janela', 100.0, 0.0, false, false, 25),
  ('i401', 'oc4', 'Evento de Inauguração', 800.0, 800.0, false, false, 0),
  ('i402', 'oc4', 'Material de Divulgação', 500.0, 0.0, false, false, 1),
  ('i403', 'oc4', 'Brindes e Kit Boas-Vindas', 300.0, 0.0, false, false, 2),
  ('i501', 'oc5', 'Tráfego Pago — Lançamento', 1500.0, 1500.0, false, false, 0),
  ('i502', 'oc5', 'Produção de Conteúdo Inicial', 0.0, 0.0, false, false, 1),
  ('mn6h5ygf32w', 'mn6gv5474ln', 'Microfone Sem fio - Bom', 300.0, 0.0, false, false, 0),
  ('mn6hb0rag46', 'mn6gv5474ln', 'Iluminação LED - Vídeos', 275.9, 0.0, false, false, 1),
  ('mnc9og86bj0', 'mnc9nde1xqj', 'Ar Condicionado Recepção', 2500.0, 2500.0, true, false, 0),
  ('mnc9ovabs8v', 'mnc9nde1xqj', 'Impressora Multifuncional', 450.0, 0.0, false, false, 1),
  ('mnc9pa54uti', 'mnc9nde1xqj', 'Poltrona Recepção', 0.0, 0.0, false, false, 2),
  ('mnc9pkb8ekt', 'mnc9nde1xqj', 'Sofá Recepção 01', 1500.0, 1500.0, true, false, 3),
  ('mnc9q5qj1mo', 'mnc9nde1xqj', 'Balção Marcenaria Recepção', 1600.0, 0.0, false, false, 4),
  ('mnc9qi8jei7', 'mnc9nde1xqj', 'Cadeira Luciano I Recepção', 550.0, 550.0, false, false, 5),
  ('mnc9s4p5auv', 'mnc9nde1xqj', 'Lustre', 470.6, 470.6, true, false, 6),
  ('mnc9sab0p5c', 'mnc9nde1xqj', 'Tapete Orgânico', 449.0, 0.0, false, false, 7),
  ('mnc9t20rkkb', 'mnc9nde1xqj', 'Bancada de Apoio SOfá e cadeiras', 150.0, 0.0, false, false, 8),
  ('mnc9tirxdwu', 'mnc9nde1xqj', 'Cafeteira', 600.0, 0.0, false, false, 9),
  ('mncaunwhggn', 'mnc9nde1xqj', 'Bebedouro', 0.0, 0.0, true, false, 10),
  ('mncavbxflr3', 'mnc9nde1xqj', 'Móvel Cafeteira e Bebedouro', 1200.0, 1200.0, false, false, 11),
  ('mnq20sp6q29', 'mnc9nde1xqj', 'Sofá Recepção 02', 100.0, 0.0, false, false, 12),
  ('mok72nr1emv', 'mnc9nde1xqj', 'Brises', 1000.0, 1000.0, false, false, 13),
  ('mnc9zasujt0', 'mnc9ygdfqxy', 'Pedras Parede', 500.0, 0.0, false, false, 0),
  ('mnc9zikj1vv', 'mnc9ygdfqxy', 'Espelho Parede', 1000.0, 1000.0, false, false, 1),
  ('mnca0ebmrkj', 'mnc9ygdfqxy', 'Balção de mármore', 812.92, 812.92, true, false, 2),
  ('mnca0kooll0', 'mnc9ygdfqxy', 'Decoração e Acessórios', 200.0, 200.0, false, false, 3),
  ('mnca0sxga2h', 'mnc9ygdfqxy', 'Torneira', 0.0, 0.0, false, false, 4),
  ('mnca19yeqr2', 'mnc9ygdfqxy', 'Lustre Fora I pendente I', 150.0, 127.2, true, false, 5),
  ('mnca29xvum8', 'mnc9ygdfqxy', 'Lustre Dentro Banheiro', 190.0, 0.0, false, false, 6),
  ('mnca4ij58dq', 'mnc9ygdfqxy', 'Vaso sanitário Dentro Banheiro', 529.0, 529.0, true, false, 7),
  ('mnxob69edog', 'mnxoayr3hn2', 'Gasolina', 30.0, 30.0, true, false, 0),
  ('mnxobghxryk', 'mnxoayr3hn2', 'Gasolina', 49.42, 49.42, true, false, 1),
  ('mot0cgekzq1', 'mnxoayr3hn2', 'Gasolina Fiorino', 40.0, 40.0, true, false, 2),
  ('mot0hmybivf', 'mnxoayr3hn2', 'Gasolina Moto', 53.35, 53.35, true, false, 3),
  ('mot0hwgwvpo', 'mnxoayr3hn2', 'Uber - Envio das Chaves', 8.32, 8.32, true, false, 4),
  ('mnxof10by37', 'mnxoeoghag2', 'Lustre', 48.8, 48.8, true, false, 0),
  ('mnxofoxdya8', 'mnxoeoghag2', 'Gesso Acabamento', 230.0, 230.0, true, false, 1),
  ('mnxp3k71ujn', 'mnxoeoghag2', 'Cadeira de Massagem', 7290.0, 7290.0, true, false, 2),
  ('mok6lny1eab', 'mok6kud6hmj', '02 Lixeiras Consultório', 115.87, 115.87, false, false, 0),
  ('mok6mmddvm6', 'mok6kud6hmj', 'Caixa Perfuro Cortante', 39.9, 39.9, false, false, 1),
  ('mok7kgn913m', 'mok6kud6hmj', 'Revestimento Pedras Recepção - 2x', 336.9, 336.9, false, false, 2),
  ('mok80y4z2b1', 'mok6kud6hmj', 'Kit de expositor', 48.53, 48.53, false, false, 3),
  ('mok81ik53of', 'mok6kud6hmj', 'Lampadas Pendente Recepção', 99.8, 99.8, false, false, 4),
  ('mok82nmudif', 'mok6kud6hmj', 'Lustre Pré banheiro', 160.9, 160.9, false, false, 5),
  ('mok83tkl7nx', 'mok6kud6hmj', 'Escada Consultório', 110.69, 110.69, false, false, 6),
  ('mok8b4k6tj4', 'mok6kud6hmj', 'Torneira Consultório', 86.55, 86.55, false, false, 7),
  ('mok8ccfszup', 'mok6kud6hmj', 'Torneira Consultório Sensor', 146.84, 146.84, false, false, 8),
  ('mok8ena7nun', 'mok6kud6hmj', 'Torneira Pré Banheiro', 137.75, 137.75, false, false, 9),
  ('mok8fvutz6s', 'mok6kud6hmj', 'Luminária Maca', 267.5, 267.5, false, false, 10),
  ('mok8h35m52q', 'mok6kud6hmj', 'Desengrachante', 40.61, 40.61, false, false, 11),
  ('mok8i7qa5i9', 'mok6kud6hmj', 'Espelho Consultório - 10x', 597.46, 597.46, false, false, 12),
  ('mok8l1djhfg', 'mok6kud6hmj', 'Revestimento Areia - Consultório -', 250.23, 250.23, false, false, 13),
  ('mosnqmel5iu', 'mok6kud6hmj', 'Termometro de cabo', 24.5, 24.5, false, false, 14),
  ('mot0fb10q40', 'mok6kud6hmj', 'Balde Revestimento Pedra - Recepção -5x', 246.08, 0.0, false, false, 15),
  ('mot0gbifu2k', 'mok6kud6hmj', 'Balde revestimento Pedra - Consultório 5x', 251.63, 0.0, false, false, 16),
  ('mok7poqjufe', 'mok7p54ji5h', 'Geladeira', 850.0, 850.0, true, false, 0),
  ('mosp7vfvvxm', 'mok7p54ji5h', 'Armário da Shoppe', 300.0, 0.0, false, false, 1),
  ('mosp83q0c7a', 'mok7p54ji5h', 'Mesa retrátil', 200.0, 0.0, false, false, 2),
  ('mospa9rqwqs', 'mosp78l7qjv', 'Vassoura', 50.0, 0.0, false, false, 0),
  ('mospak9iipf', 'mosp78l7qjv', 'Mope', 200.0, 0.0, false, false, 1);

DELETE FROM custos_config;
INSERT INTO custos_config (id, tipo, descricao, valor, dia_vencimento, estimado, posicao) VALUES
  ('f1', 'fixo', 'Aluguel', 2000, 30, false, 0),
  ('f2', 'fixo', 'Internet + Celular', 140, 10, true, 1),
  ('f3', 'fixo', 'Chatbot', 90, 10, false, 2),
  ('f5', 'fixo', 'Parcela Empréstimo', 1682.58, 13, false, 3),
  ('f6', 'fixo', 'Dedetização', 180, 5, true, 4),
  ('f7', 'fixo', 'Sistema Facial A&D', 90, 10, false, 5),
  ('f8', 'fixo', 'Gestão de Resíduos', 240.87, 10, false, 6),
  ('mn6deuqsrha', 'fixo', 'Seguro Incêndio', 0, 12, true, 7),
  ('mn6ghqgq6rd', 'fixo', 'Combustível e Ajuda de Custo Luciano e Sarah', 780, 2, false, 8),
  ('v2', 'variavel', 'Energia Elétrica', 350, 15, false, 9),
  ('v3', 'variavel', 'Água e Esgoto', 80, 20, false, 10),
  ('v4', 'variavel', 'Cápsula de Café', 60, NULL, false, 11),
  ('v5', 'variavel', 'Material de Limpeza', 100, NULL, false, 12),
  ('v6', 'variavel', 'Material de Escritório', 100, NULL, false, 13),
  ('e1', 'emergencia', 'Manutenção Ar Cond.', 70, NULL, false, 14),
  ('e2', 'emergencia', 'Manutenção Geral', 80, NULL, false, 15);

UPDATE config_financeiro SET fc_inicial = 16000 WHERE id = 1;